prompt,output,flag,username,timestamp
tell me a joke,"Why don't scientists trust atoms?

Because they make up everything!",,,2023-11-26 13:15:05.213514
omelete du?," I'm here to help! What can I assist you with today?
",,,2023-11-26 13:16:55.768361
em 1000 palavras me diga quais equipamentos de segurança são necessarios para operar o equipamento," Para operar um torno mecânico, vários Equipamentos de Proteção Individual (EPIs) podem ser importantes para garantir a segurança do operador e das pessoas que estão ao redor. Abaixo, estão alguns EPIs comuns necessários:

1. Luvas protectoras: Luvas protectoras de mão são utilizadas para proteger as mãos do usuário de feridas causadas pela ferramenta ou objeto que esteja sendo manipulado. Além disso, elas ajudam a evitar contato com substâncias químicas ou partículas de material abrasivo que possam causar danos na pele.

2. Calças protectoras: As calças protegeram os membros inferiores do usuário de feridas causadas por objetos rígidos, cortantes ou queimaduras devido a exposição a fogo ou químicos. Além disso, eles podem oferecer proteção adicional contra choque elétrico em ambientes com máquinas que utilizam corrente elétrica.

3. Orelhas protectoras: Os oídos são sensíveis e podem ser facilmente danificados por níveis elevados de ruído. Portanto, usar orelhas protegera pode ajudar a evitar problemas de auditiva e a preservar a audição do usuário ao longo do tempo.

4. Proteção óculos: Os olhos são outro órgão sensorial importante que precisa ser protegido. As protectores visuais podem ser utilizadas para evitar feridas no olho causadas por partículas, fragmentos de vidro ou qualquer outro objeto sólido e também para proteger do contato com substâncias químicas perigoso.

5. Chanês protector: O chanê é um local sensível que pode ser facilmente danificado por ferrolhes quentes, molhos ou fábrica de tabaco. Portanto, usar uma proteção adequada no chanê pode ajudar a evitar danos físicos e as consequências médicas relacionadas.

6. Botas de segurança: As botas de segurança são projetadas para oferecer proteção ao pé, incluindo contra feridas, impactos e exposição a substâncias químicas ou temperaturas elevadas. Elas também podem ser impermeáveis, o que é útil em ambientes com máquinas que utilizam água ou outros fluidos.

7. Máscaras respiratórias: Máscaras respiratórias são importantes para proteger os usuários contra poluição do ar, fumes de qualquer tipo de combustível, poeira, gás ou vapor que possam ser liberados durante a operação do torno mecânico.

8. Proteção contra radiação: A exposição à radiação ionizante pode causar problemas de saúde graves, como câncer e doenças do sistema nervoso. Portanto, é importante utilizar proteção adequada, como vestes de lã aço ou blindagens especiais para proteger contra radiação em ambientes onde isso seja um fator de risco.

9. Proteção térmica: Máquinas de torno mecânico podem gerar calor considerável e pode haver exposição a chama ou fogo. Portanto, é importante usar proteção adequada, como camisas de fogo, roupa protectora térmica e luvas de couro para evitar queimaduras e danos causados pelo calor excesivo.

10. Proteção audiológica: Em ambientes industriais com altos níveis de ruído, é fundamental utilizar proteção auditiva adequada, como ouvidos protegera, para minimizar o risco de perda auditiva e problemas relacionados à auditiva.

Lembrando que as medidas de segurança podem variar dependendo do ambiente de trabalho, do tipo de torno mecânico em uso e das atividades realizadas ao seu redor. É importante consultar o manual de instruções, normas locais e legislação aplicável antes de iniciar qualquer operação com máquinas ou dispositivos industriais.
",,,2023-11-26 14:22:46.438684
